<?xml version = "1.0" encoding = "UTF-8"?>
<!DOCTYPE mapper PUBLIC "-//mybatis.org//DTD Mapper 3.0//EN" "http://mybatis.org/dtd/mybatis-3-mapper.dtd">
<mapper namespace = "Data">
    <insert id = "insertUser" parameterType = "com.yanto.DB.model.User">
        INSERT INTO TBL_USER (USERNAME, PASSWORD, EMAIL ) VALUES (#{username}, #{password},
        #{email});
        <selectKey keyProperty = "id_user" resultType = "int" order = "AFTER">
            select last_insert_id() as id
        </selectKey>
    </insert>

    <insert id = "insertOrder" parameterType = "com.yanto.DB.model.Order">
        INSERT INTO TBL_ORDER_SEMENTARA (USER, MENU, QUANTITY, PRICE, STATUS ) VALUES (#{user}, #{menu},
        #{quantity}, #{price}, #{status});
        <selectKey keyProperty = "id" resultType = "int" order = "AFTER">
            select last_insert_id() as id
        </selectKey>
    </insert>

    <update id = "updateOrder" parameterType = "com.yanto.DB.model.Order">
        UPDATE TBL_ORDER_SEMENTARA SET STATUS = #{status} WHERE ID = #{id};
    </update>

    <resultMap id = "login" type = "com.yanto.DB.model.User">
        <result property = "email" column = "email"/>
        <result property = "password" column = "password"/>
    </resultMap>
    <select id = "userlog" parameterType = "map" resultMap = "login">
        SELECT * FROM TBL_USER where email = #{email} AND password = #{password};
    </select>

    <resultMap id = "result" type = "com.yanto.DB.model.Eats">
        <result property = "id" column = "ID"/>
        <result property = "fullname" column = "FULLNAME"/>
        <result property = "address" column = "ADDRESS"/>
        <result property = "status" column = "STATUS"/>
        <result property = "physics" column = "PHYSICS"/>
        <result property = "calculus" column = "CALCULUS"/>
        <result property = "biologi" column = "BIOLOGI"/>
    </resultMap>

    <select id = "getAll" resultMap = "result">
        SELECT * FROM TBL_USER WHERE EMAIL = #{email};
    </select>
    <select id = "getAll2" resultMap = "result">
        SELECT * FROM GRADE;
    </select>

    <select id = "getByIdSiswa" parameterType = "int" resultMap = "result">
        SELECT * FROM SISWA WHERE ID = #{id};
    </select>
    <select id = "getByIdGrade" parameterType = "int" resultMap = "result">
        SELECT * FROM GRADE WHERE ID = #{id};
    </select>

    <delete id = "deleteByIdSiswa" parameterType = "int">
        DELETE FROM SISWA WHERE ID = #{id};
    </delete>
    <delete id = "deleteByIdGrade" parameterType = "int">
        DELETE FROM GRADE WHERE ID = #{id};
    </delete>

    <update id = "updateSiswa" parameterType = "com.yanto.DB.model.Eats">
        UPDATE SISWA SET FULLNAME = #{fullname}, ADDRESS = #{address}, STATUS = #{status} WHERE ID = #{id};
    </update>
    <update id = "updateGrade" parameterType = "com.yanto.DB.model.Eats">
        UPDATE GRADE SET PHYSICS = #{physics}, CALCULUS = #{calculus}, BIOLOGI = #{biologi} WHERE ID = #{id};
    </update>
</mapper>